{
	"metadata": {
		"version": 4.5,
		"type": "Object",
		"generator": "Object3D.toJSON"
	},
	"object": {
		"uuid": "2DC7B476-9CBC-421C-8E73-6E22756D7792",
		"type": "Group",
		"name": "桂林理工大",
		"layers": 1,
		"matrix": [-1,0,0,0,0,1,0,0,0,0,-1,0,0,0,0,1],
		"children": [
			{
				"uuid": "39F365FB-7964-4FE5-A1B9-3E299B62015A",
				"type": "Group",
				"name": "Building 0",
				"layers": 1,
				"matrix": [1,0,0,0,0,1,0,0,0,0,1,0,59.938258,0,-51.287097,1]
			},
			{
				"uuid": "7053C65F-202D-4BDF-BE95-C3B9FD0FC881",
				"type": "Group",
				"name": "Building 1",
				"layers": 1,
				"matrix": [1,0,0,0,0,1,0,0,0,0,1,0,57.874437,0,51.96612,1]
			}]
	}
}