{
	"metadata": {
		"version": 4.5,
		"type": "Object",
		"generator": "Object3D.toJSON"
	},
	"geometries": [
		{
			"uuid": "414C18D6-CB2A-4E92-8A5B-EB4637572396",
			"type": "BoxBufferGeometry",
			"width": 1,
			"height": 1,
			"depth": 1
		}],
	"materials": [
		{
			"uuid": "B72B0AB1-770A-4ADF-9F52-CF8578F39515",
			"type": "MeshStandardMaterial",
			"color": 16777215,
			"roughness": 0.5,
			"metalness": 0.5,
			"emissive": 0,
			"depthFunc": 3,
			"depthTest": true,
			"depthWrite": true,
			"skinning": false,
			"morphTargets": false,
			"dithering": false
		}],
	"object": {
		"uuid": "7B886165-760B-441A-BEE1-B8CDA2A6C51A",
		"type": "Group",
		"name": "Group",
		"matrix": [1,0,0,0,0,1,0,0,0,0,1,0,0,0,0,1],
		"children": [
			{
				"uuid": "F4D4E036-709E-479D-BE97-C0738B1A30D3",
				"type": "Mesh",
				"name": "men",
				"matrix": [0.6,0,0,0,0,1.92,0,0,0,0,0.06,0,0,0,0,1],
				"geometry": "414C18D6-CB2A-4E92-8A5B-EB4637572396",
				"material": "B72B0AB1-770A-4ADF-9F52-CF8578F39515"
			}]
	}
}