{
	"metadata": {
		"version": 4.5,
		"type": "Object",
		"generator": "Object3D.toJSON"
	},
	"geometries": [
		{
			"uuid": "D5977AA7-3605-457C-9A39-3C9420DD7AF2",
			"type": "BoxBufferGeometry",
			"width": 1,
			"height": 1,
			"depth": 1
		}],
	"materials": [
		{
			"uuid": "FDFEB9EC-8F32-43B7-A710-11B35C68364A",
			"type": "MeshStandardMaterial",
			"color": 16777215,
			"roughness": 0.5,
			"metalness": 0.5,
			"emissive": 0,
			"depthFunc": 3,
			"depthTest": true,
			"depthWrite": true,
			"skinning": false,
			"morphTargets": false,
			"dithering": false
		}],
	"object": {
		"uuid": "C470322D-9103-4F34-9DE6-38B4B9C08DAA",
		"type": "Mesh",
		"name": "Box 1",
		"matrix": [1,0,0,0,0,1,0,0,0,0,1,0,0,-0.27424,0,1],
		"geometry": "D5977AA7-3605-457C-9A39-3C9420DD7AF2",
		"material": "FDFEB9EC-8F32-43B7-A710-11B35C68364A"
	}
}