{
	"metadata": {
		"version": 4.5,
		"type": "Object",
		"generator": "Object3D.toJSON"
	},
	"geometries": [
		{
			"uuid": "CBA94F97-ECDB-4821-BD29-467629D20D99",
			"type": "BoxBufferGeometry",
			"width": 1,
			"height": 1,
			"depth": 1
		}],
	"materials": [
		{
			"uuid": "892BA1F2-E8B8-40CC-A1BE-56CE8B4DAF8A",
			"type": "MeshBasicMaterial",
			"color": 16777215,
			"map": "2EDB2E32-6EE3-4D3B-8480-C9A5C2F99C0F",
			"side": 2,
			"depthFunc": 3,
			"depthTest": true,
			"depthWrite": true,
			"skinning": false,
			"morphTargets": false,
			"dithering": false
		}],
	"textures": [
		{
			"uuid": "2EDB2E32-6EE3-4D3B-8480-C9A5C2F99C0F",
			"name": "",
			"mapping": 300,
			"repeat": [1,1],
			"offset": [0,0],
			"wrap": [1001,1001],
			"minFilter": 1008,
			"magFilter": 1006,
			"anisotropy": 1,
			"flipY": true,
			"image": "D3B7E66E-BDB8-4A1C-905D-6FA6B183CF9F"
		}],
	"images": [
		{
			"uuid": "D3B7E66E-BDB8-4A1C-905D-6FA6B183CF9F",
			"url": "data:image/png;base64,iVBORw0KGgoAAAANSUhEUgAAAAgAAAAICAYAAADED76LAAAAFElEQVQoU2P8/PnzfwY8gHFkKAAAj5seyRtgzfUAAAAASUVORK5CYII="
		}],
	"object": {
		"uuid": "B09169DB-B48C-47E5-BB18-4E9C5619C240",
		"type": "Mesh",
		"name": "Box 1",
		"matrix": [1,0,0,0,0,1,0,0,0,0,1,0,0,0,0,1],
		"geometry": "CBA94F97-ECDB-4821-BD29-467629D20D99",
		"material": "892BA1F2-E8B8-40CC-A1BE-56CE8B4DAF8A"
	}
}