{
	"metadata": {
		"version": 4.5,
		"type": "Object",
		"generator": "Object3D.toJSON"
	},
	"geometries": [
		{
			"uuid": "A5CA3895-4DF7-4CB3-BBC2-CDEC29E9882F",
			"type": "BoxBufferGeometry",
			"width": 1,
			"height": 1,
			"depth": 1
		}],
	"materials": [
		{
			"uuid": "2736A85B-3286-474B-B00A-B0FAE7B18AC9",
			"type": "MeshBasicMaterial",
			"color": 16777215,
			"depthFunc": 3,
			"depthTest": true,
			"depthWrite": true,
			"skinning": false,
			"morphTargets": false,
			"dithering": false
		}],
	"object": {
		"uuid": "70243A88-C38A-405D-BC38-0F48F2CCF457",
		"type": "Group",
		"name": "Group 2",
		"matrix": [1,0,0,0,0,1,0,0,0,0,1,0,0,0,0,1],
		"children": [
			{
				"uuid": "7FFB23D9-A6D4-4E49-9DD9-0DFFF49B05C0",
				"type": "Mesh",
				"name": "Box 1",
				"matrix": [0.478934,0,0,0,0,0.478934,0,0,0,0,0.478934,0,0,0.251562,0,1],
				"geometry": "A5CA3895-4DF7-4CB3-BBC2-CDEC29E9882F",
				"material": "2736A85B-3286-474B-B00A-B0FAE7B18AC9"
			}]
	}
}